Normalized-losses,Make,Fuel-type,Aspiration,Num-of-doors,Body-style,Drive-wheels,Engine-location,Wheel-base,Length,Width,Height,Curb-weight,Engine-type,Num-of-cylinders,Engine-size,Fuel-system,Bore,Stroke,Compression-ratio,Horsepower,Peak-rpm,City-mpg,Highway-mpg,Price,Symboling
148.0,dodge,gas,std,four,sedan,fwd,front,93.7,157.3,63.8,50.6,1989.0,ohc,four,90.0,2bbl,2.97,3.23,9.4,68.0,5500.0,31.0,38.0,7609.0,1
168.0,toyota,gas,std,two,sedan,rwd,front,94.5,168.7,64.0,52.6,2265.0,dohc,four,98.0,mpfi,3.24,3.08,9.4,112.0,6600.0,26.0,29.0,9298.0,1
118.0,dodge,gas,std,two,hatchback,fwd,front,93.7,157.3,63.8,50.8,1876.0,ohc,four,90.0,2bbl,2.97,3.23,9.41,68.0,5500.0,37.0,41.0,5572.0,1
104.0,mazda,gas,std,two,hatchback,fwd,front,93.1,159.1,64.2,54.1,1890.0,ohc,four,91.0,2bbl,3.03,3.15,9.0,68.0,5000.0,30.0,31.0,5195.0,1
85.0,subaru,gas,turbo,four,wagon,4wd,front,96.9,173.6,65.4,54.9,2650.0,ohcf,four,108.0,mpfi,3.62,2.64,7.7,111.0,4800.0,23.0,23.0,11694.0,0
91.0,toyota,diesel,std,four,sedan,fwd,front,95.7,166.3,64.4,53.0,2275.0,ohc,four,110.0,idi,3.27,3.35,22.5,56.0,4500.0,34.0,36.0,7898.0,0
110.0,honda,gas,std,four,sedan,fwd,front,96.5,163.4,64.0,54.5,2010.0,ohc,four,92.0,1bbl,2.91,3.41,9.2,76.0,6000.0,30.0,34.0,7295.0,0
108.0,nissan,gas,std,four,wagon,fwd,front,100.4,184.6,66.5,56.1,3296.0,ohcv,six,181.0,mpfi,3.43,3.27,9.0,152.0,5200.0,17.0,22.0,14399.0,0
102.0,subaru,gas,turbo,four,sedan,4wd,front,97.0,172.0,65.4,54.3,2510.0,ohcf,four,108.0,mpfi,3.62,2.64,7.7,111.0,4800.0,24.0,29.0,11259.0,0
161.0,mitsubishi,gas,std,two,hatchback,fwd,front,93.7,157.3,64.4,50.8,1944.0,ohc,four,92.0,2bbl,2.97,3.23,9.4,68.0,5500.0,31.0,38.0,6189.0,2
134.0,toyota,gas,std,two,hardtop,rwd,front,98.4,176.2,65.6,52.0,2536.0,ohc,four,146.0,mpfi,3.62,3.5,9.3,116.0,4800.0,24.0,30.0,9639.0,2
137.0,mitsubishi,gas,std,four,sedan,fwd,front,96.3,172.4,65.4,51.6,2403.0,ohc,four,110.0,spdi,3.17,3.46,7.5,116.0,5500.0,23.0,30.0,9279.0,-1
93.0,mercedes-benz,diesel,turbo,four,wagon,rwd,front,110.0,190.9,70.3,58.7,3750.0,ohc,five,183.0,idi,3.58,3.64,21.5,123.0,4350.0,22.0,25.0,28248.0,-1
